Client,IRC Section,Alert Message,Status,Notes
,§168,"§168 - 🚨 Important: 100% Bonus Depreciation Restoration for your small business

How this affects you:
Great news for [Date]! Under the newly restored provisions of IRC Section 168(k), your business can now immediately deduct 100% of the cost of qualified property placed in service after January 19, 2025. This allows your small business to write off the full [Amount] of eligible investments—such as machinery, equipment, computer software, and certain vehicles—in a single year rather than over a standard depreciation schedule, significantly reducing your taxable income and improving immediate cash flow.

✅ Verify that the property meets the ""original use"" requirement or was newly acquired by your business
✅ Ensure the assets have a recovery period of 20 years or less to qualify for the full deduction
✅ Update your QuickBooks fixed asset records to reflect the 100% first-year allowance election

📚 Source: IRC Section 168

💰 Estimated Tax Impact: Based on your equipment purchase, you could see a tax savings of approximately $24,570 (assuming a 21% corporate tax rate).

⚠️ Disclaimer: This template is for informational purposes only. Tax laws are subject to change and eligibility criteria for qualified property are complex. Please consult with a qualified tax professional to confirm compliance for your specific situation.",ACTIVE,
,§179,"§179 - 🚨 Important: Section 179 Expensing Update for your small business

How this affects you:
Great news for [Year]! Based on your [Research & Development (R&D)_Spend] in qualifying property investments, your business could be eligible for a significant tax deduction. We estimate your potential credit at [Credit_Estimate]. This incentive allows your small business to treat the cost of qualifying section 179 property—like equipment, software, and certain real property improvements—as an immediate expense rather than a capital charge. For the [Year] taxable year, you can deduct up to $2,500,000 of the adjusted basis for assets placed in service this year.

✅ File Form 6765 to elect and claim your specific section 179 deductions
✅ Schedule a CPA review to ensure your property meet ""active conduct of trade or business"" requirements
✅ Update your QuickBooks tagging for all fixed assets to automate tracking and compliance

📚 Source: IRC Section 179

💰 Estimated Tax Impact: Based on your equipment purchase, you could see a tax savings of approximately $9,450 (assuming a 21% corporate tax rate).

⚠️ Disclaimer: This template is for informational purposes only. Tax laws are subject to change and individual circumstances vary. Please consult with a qualified tax professional to confirm eligibility and compliance for your specific entity.",ACTIVE,
,§41,"§41 - 🚨 Important: Research & Development Tax Credit for your small business

How this affects you:
Great news for 2026! Based on your $10,000 in qualified research expenses, your business could be eligible for a significant tax credit. We estimate your potential credit at $1,500. This incentive is designed to reward your innovation by allowing you to claim a credit for wages, supplies, and contract research, helping you reinvest in your company's growth.

✅ Ensure all qualified expenses are properly documented for Form 6765
✅ Schedule a CPA review to verify your eligibility and maximize your credit
✅ Confirm that all Research & Development (R&D)-related transactions are correctly tagged in QuickBooks

📚 Source: IRC Section 41

💰 Estimated Credit Impact: Based on your Research & Development (R&D) spend, you may qualify for ~$1,500 (conservative 15% rate). 

⚠️ Disclaimer: This template is for informational purposes only. Tax laws are subject to change and individual circumstances vary. Please consult with a qualified tax professional to confirm eligibility and compliance for your specific entity.",ACTIVE,
,§3121,"§3121 - 🚨 Important: FICA Wage Base Limit Reached

How this affects you:
Your employee has reached the 2026 Social Security wage base limit of $184,500. You no longer need to withhold or pay the 6.2% Social Security tax on their additional wages for the rest of the year.

✅ Verify payroll system has stopped Social Security tax withholding for this employee
✅ Ensure Medicare tax (1.45%) continues to be withheld

📚 Source: IRC Section 3121

💰 Estimated Tax Impact: Savings of 6.2% on wages over $184,500 for both employer and employee.

⚠️ Disclaimer: This template is for informational purposes only. Please consult with a qualified tax professional.",ACTIVE,
,,,,
,§199A,"§199A - 🚨 Important: Qualified Business Income Deduction Update for your S-Corp/LLC

How this affects you:
Great news! Based on your $185,000 in qualified business income, your entity may be eligible for a deduction of up to 20%, estimated at $37,000. This deduction can significantly reduce your taxable income. Please note that if your business is a Specified Service Trade or Business (SSTB), the deduction may be limited or phased out based on your total taxable income and the \$65,000 paid by the business  SSTBs are businesses where the principal asset is the skill, expertise, reputation, or personal services of its employees or owners.

✅ Verify if your total taxable income is below the threshold for the full 20% deduction
✅ Review your \$65,000 and unadjusted basis immediately after acquisition (UBIA) of qualified property to determine if wage and property limitations apply
✅ Consult with a CPA to confirm your business classification and maximize your eligible deduction

📚 Source: IRC Section 199A

💰 Estimated QBI Deduction: Based on $185,000 qualified income, you may deduct up to $37,000 (20%). Actual amount depends on W-2 wages, property basis, and taxable income thresholds. 

⚠️ Disclaimer: This template is for informational purposes only. Tax laws are subject to change and individual circumstances vary. Please consult with a qualified tax professional to confirm eligibility and compliance for your specific entity.",ACTIVE,
,§174,"§174 - 🚨 Important: Foreign Research & Development (R&D) Capitalization Update for your S-Corp/LLC

How this affects you:
IRC Section 174 requires that all foreign research and experimental expenditures, including software development costs, must be capitalized rather than deducted immediately. These expenses must now be amortized ratably over a 15-year period, beginning with the midpoint of the taxable year in which they were incurred.

✅ Identify all foreign-based research, software development, and experimental expenditures
✅ Ensure these costs are moved to a capital account for proper amortization tracking
✅ Update your tax projections to account for the longer 15-year recovery period for foreign R\&D

📚 Source: IRC Section 174

💰 Estimated QBI Deduction: Based on $100,000 qualified income, you may deduct up to $20,000 (20%). Actual amount depends on W-2 wages, property basis, and taxable income thresholds. 

⚠️ Disclaimer: This template is for informational purposes only. Tax laws are subject to change and individual circumstances vary. Please consult with a qualified tax professional to confirm eligibility and compliance for your specific entity.",ACTIVE,
,§263A,"§263A - 🚨 Important: UNICAP Compliance Update for your S-Corp/LLC

How this affects you:
IRC Section 263A (UNICAP) requires your business to capitalize certain direct and indirect costs into inventory or asset basis rather than deducting them as current expenses. If your average annual gross receipts exceed the [Threshold] small business exemption, you must capitalize costs like direct labor, materials, and a share of general & administrative allocable to produced or resold property.

✅ Identify all direct and indirect production or resale costs for capitalization
✅ Verify if your average annual gross receipts are below the [Threshold] exemption limit
✅ Ensure your QuickBooks Chart of Accounts correctly tracks inventory and capitalized general & administrative

📚 Source: IRC Section 263A

💰 Estimated QBI Deduction: Based on $75,000 qualified income, you may deduct up to $15,000 (20%). Actual amount depends on W-2 wages, property basis, and taxable income thresholds. 

⚠️ Disclaimer: This template is for informational purposes only. Tax laws are subject to change and individual circumstances vary. Please consult with a qualified tax professional to confirm eligibility and compliance for your specific entity.",ACTIVE,
,§163(j),"§163(j) - 🚨 Important: Business Interest Deduction Update for [Entity]

How this affects you:
Based on your interest expense of $85,000 and EBITDA of $250,000; the business has a term loan; interest paid on acquisition debt, your business interest deduction is generally limited to 30% of your adjusted taxable income. We estimate your current deduction limit at $0, with a potential $0 to be carried forward. This carryforward note ensures that any disallowed interest is not lost but can be treated as an expense in succeeding taxable years.

✅ Review your EBITDA of $250,000; the business has a term loan; interest paid on acquisition debt and adjusted taxable income calculations for accuracy
✅ Implement a system for detailed interest tracking to manage carryforwards
✅ Consult with a CPA to evaluate debt structuring or potential elections

📚 Source: IRC Section 163(j)

⚠️ Disclaimer: This template is for informational purposes only. Tax laws are subject to change and individual circumstances vary. Please consult with a qualified tax professional to confirm eligibility and compliance for your specific entity.",ACTIVE,
,§274,"§274 - 🚨 Important: Business Meal and Entertainment Deduction Update for your small business

How this affects you:
Beginning in 2026, tax laws regarding meals and entertainment have tightened. While business meals with clients remain 50% deductible, most employer-provided meals (like on-site snacks or cafeteria food) are now nondeductible. Based on your current meals and entertainment expense of $12,000, we estimate your deductible portion is $4,500 and non-deductible portion is $7,500. Note that entertainment activities—such as sporting events, golf, or club dues—remain 100% nondeductible even if they have a business purpose.

✅ Maintain detailed records for each meal, including the business purpose, relationship of attendees, date, and location to substantiate the 50% deduction
✅ Review and update your internal reimbursement policies to reflect the total loss of deductions for employer-provided convenience meals
✅ Tag all food and beverage expenses in QuickBooks by class or category to distinguish between 50% deductible travel/client meals and nondeductible entertainment

📚 Source: IRC Section 274

💰 Estimated Deduction Impact: Of your $12,000 in meals/entertainment: $3,000 entertainment is 0% deductible. Remaining $9,000 meals: 50% deductible (~$4,500). Non-deductible total: $7,500. Potential tax impact: ~$1,575. 

⚠️ Disclaimer: This template is for informational purposes only. Tax laws are subject to change and individual circumstances vary. Please consult with a qualified tax professional to confirm eligibility and compliance for your specific entity.",ACTIVE,
,§451,"§451 - 🚨 Important: Section 451 Advance Payment Update for your Software-as-a-Service (SaaS)/subscription business

How this affects you:
Under IRC §451, your $48,000 in advance payments must be carefully tracked. By electing the deferral method, you can recognize $8,000 this year and defer $40,000 to the following year. This creates a 2026 vs. 2027 book-tax timing difference involving $48,000 that affects your current tax liability and $40,000 in working capital.

✅ Perform a year-end revenue cutoff review to identify all advance payments
✅ Ensure deferred revenue tracking is properly configured in QuickBooks
✅ Consult your CPA to formally elect the one-year deferral method

📚 Source: IRC Section 451

💰 Estimated Revenue Timing Impact: Under §451, your $48,000 advance payment may be recognized ratably over the contract term. Recognized in 2026: ~$8,000 (2 months). Deferred to 2027: ~$40,000 (10 months). This creates a book-tax timing difference affecting your 2026 Effective Tax Rate and working capital. 

⚠️ Disclaimer: This template is for informational purposes only. Tax laws are subject to change and individual circumstances vary. Please consult with a qualified tax professional to confirm eligibility and compliance for your specific entity.",ACTIVE,
,§280A,"§280A - 🚨 Important: Home Office Deduction Update for your home-based business

How this affects you:
Maximize your savings by choosing the best deduction method for your 250 sq. ft. home office. Based on your $8,500, you can compare the Simplified Method ($5/sq. ft. up to $1,500) against the Regular Method (actual expenses like rent and utilities). Using the Simplified, your estimated $1,250 can significantly lower your taxable income.

✅ Verify the home office space is used exclusively and regularly for your business
✅ Maintain accurate records of your total home and office square footage
✅ Review both calculation methods annually to ensure you select the highest deduction

📚 Source: IRC Section 280A

💰 Estimated Home Office Deduction: Your 250 sq ft office (12.5% of home) with 8,500 in expenses. Simplified method: $1,250 ($5/sq ft, max $1,500). Regular method: $1,063 (actual expenses × 12.5%). Use the higher amount. Potential tax impact: ~$263. 

⚠️ Disclaimer: This template is for informational purposes only. Tax laws are subject to change and individual circumstances vary. Please consult with a qualified tax professional to confirm eligibility and compliance for your specific entity.",ACTIVE,
,§132,"§132 - 🚨 Important: Fringe Benefit Tax Exclusion Update for your business

How this affects you:
Based on your provided commuter benefit valued at $3,780, these benefits may be excluded from your employees' gross income. Under IRC Section 132, qualified fringe benefits—such as de minimis gifts, employee discounts, and transportation fringes—are not subject to federal income tax withholding or FICA taxes, reducing the overall tax burden for both the employer and employee.

✅ Review payroll records to identify all commuter benefit expenses provided to employees
✅ Verify that excluded benefits are correctly omitted from Form W-2 taxable wages
✅ Ensure all fringe benefit transactions are accurately tagged in QuickBooks for audit readiness

📚 Source: IRC Section 132

⚠️ Disclaimer: This template is for informational purposes only. Tax laws are subject to change and individual circumstances vary. Please consult with a qualified tax professional to confirm eligibility and compliance for your specific entity.",ACTIVE,
,§162(m),"§162(m) - 🚨 Important: Executive Compensation Deduction Update for your C-Corp

How this affects you:
Under IRC Section 162(m), your annual federal tax deduction for compensation paid to CEO is capped at $1,000,000. Based on $1,450,000 in total remuneration, the $250,000 exceeding this limit is non-deductible, resulting in a $52,500 to your entity's effective tax rate. Note that since the Tax Cuts and Jobs Act, the previous exception for performance-based compensation has been repealed; all forms of pay, including performance-contingent bonuses and equity, now count toward the $1M threshold.

✅ Identify and track all 'covered employees,' including the CEO, CFO, and top three officers, under the 'once covered, always covered' rule
✅ Maintain detailed documentation of performance goals and payment terms to support financial statement reporting of permanent book-tax differences
✅ Coordinate with a CPA or tax advisor to review controlled group aggregation rules and potential 2027 expansions to the top five highest-paid employees

📚 Source: IRC Section 162(m)

💰 Estimated Executive Comp Deduction Impact: Under §162(m), your deduction for CEO compensation is limited to $1,000,000 + qualified performance-based pay (~$200,000). Total comp: $1,450,000. Deductible: $1,200,000. Non-deductible: $250,000. Potential tax impact: ~$52,500. 

⚠️ Disclaimer: This template is for informational purposes only. Tax laws are subject to change and individual circumstances vary. Please consult with a qualified tax professional to confirm eligibility and compliance for your specific entity.",ACTIVE,
,§409A,"§409A - 🚨 Urgent: Section 409A Compliance Alert for your startup/growth business

How this affects you:
IRC Section 409A strictly regulates the timing of nonqualified deferred compensation. Failure to comply with these rules triggers immediate taxation of your $75,000 in deferred pay, plus a mandatory 20% penalty—estimated at 20% + interest—and accrued interest. To avoid these penalties, all deferral elections must generally be made by the end of the year preceding the service year, and distributions must be limited to specific events like vesting/separation.

✅ Conduct a 409A valuation review by 2026-01-15 to ensure stock rights are not treated as deferred compensation
✅ Verify that all initial deferral elections were documented before the applicable year-end deadline
✅ Maintain strict documentation for all distribution events to prevent impermissible acceleration of benefits

📚 Source: IRC Section 409A

💰 Estimated §409A Compliance Risk: Your $75,000 in stock-based compensation is subject to §409A timing rules. If exercise price < FMV or distribution terms violate §409A: immediate taxation + 20% penalty (~$15,000) + interest. Ensure: (1) 409A valuation dated January 15, 2026 is current, (2) deferral elections made pre-earnings, (3) distributions only upon permitted events. 

⚠️ Disclaimer: This template is for informational purposes only. Tax laws are subject to change and individual circumstances vary. Please consult with a qualified tax professional to confirm eligibility and compliance for your specific entity.",ACTIVE,
,§1202,"§1202 - 🚨 Important: Qualified Small Business Stock (QSBS) Tax Exclusion for your C-Corp startup

How this affects you:
Maximize your exit strategy by leveraging the IRC Section 1202 exclusion. For eligible stock, you can exclude up to 100% of capital gains from your gross income. Based on your $50,000 basis in qualified small business stock, your potential $500,000 is capped at the greater of $10M ($15M for post-2025 issuances) or 10 times your initial basis, effectively reducing your federal tax rate on the sale to 0%.

✅ C-Corp + active business + <$50M assets Verify the entity is a domestic C-Corp and meets active business requirements
✅ C-Corp + active business + <$50M assets Confirm aggregate gross assets did not exceed $50M ($75M for post-2025 issuances) at issuance
✅ 5+ years Track your 5+ years to ensure it meets the 5-year requirement for a 100% exclusion

📚 Source: IRC Section 1202

💰 Estimated QSBS Exclusion Impact: Your $50,000 basis in qualified small business stock may qualify for 100% capital gains exclusion under §1202. Max exclusion: greater of $10,000,000 or 10x basis (~$500,000) → capped at $500,000. Potential tax savings at 23.8% capital gains rate: ~$119,000. Requirements: C-Corp at issuance, active qualified business, gross assets < $50M, original issuance, 5+ year holding (started June 15, 2021; matures June 15, 2026). 

⚠️ Disclaimer: This template is for informational purposes only. Tax laws are subject to change and individual circumstances vary. Please consult with a qualified tax professional to confirm eligibility and compliance for your specific entity.",ACTIVE,